Customer_ID,F_Name,M_Init,L_Name,Email,Phone,Address
742874,Baker,E,Madden,orci.adipiscing@outlook.ca,(354) 366-7142,862-1379 Penatibus Street
841903,Kelly,E,Combs,gravida.sagittis@yahoo.org,(336) 203-8425,105-909 Dolor Avenue
879932,Dalton,E,Mcguire,euismod@yahoo.org,(673) 288-8261,144-6402 Urna. Avenue
186281,Ulric,C,Acosta,augue.porttitor@icloud.com,(600) 578-8557,Ap #773-956 Sed Street
652385,Neve,W,Foreman,odio.nam@icloud.com,(321) 232-4002,853-1203 Hendrerit St.
792743,Quon,Y,Workman,suspendisse.sagittis@hotmail.edu,(701) 727-3115,"P.O. Box 324, 3354 Elit. Street"
458456,Beatrice,C,Green,felis.eget@outlook.edu,(726) 451-8147,168-2590 Porttitor St.
537195,Imogene,I,Carney,turpis.nec@google.couk,(634) 511-7300,"Ap #832-7472 Sapien, Av."
577393,Herman,B,Cote,purus.ac.tellus@yahoo.net,(951) 103-6925,868-9386 Risus Avenue
592918,Jakeem,J,Raymond,magna@yahoo.com,(146) 707-4186,699-4658 Aliquet. Road
949320,Slade,I,Blevins,sagittis.felis.donec@yahoo.couk,(641) 572-3162,554-2582 Accumsan Ave
609665,Indira,F,Carter,duis.dignissim@outlook.com,(285) 785-1574,1965 Iaculis Avenue
724059,Nichole,V,Chavez,adipiscing.fringilla@icloud.couk,(630) 919-4865,9678 Ac Ave
629017,Yvonne,X,Tate,sed@protonmail.edu,(674) 146-3137,334-7999 Ultricies Avenue
253428,Ingrid,P,Bush,nunc.quis@hotmail.org,(257) 516-0325,Ap #378-4394 Ullamcorper Rd.
117726,Lacey,K,Hughes,amet@outlook.edu,(718) 631-4378,Ap #241-8820 Magna Avenue
959757,Thane,I,Nguyen,quis@google.net,(533) 221-6118,"P.O. Box 605, 4920 Erat, Rd."
480172,Lunea,G,Doyle,imperdiet.nec@hotmail.ca,(673) 928-1337,7660 Dui. St.
564383,Amela,V,Mcmillan,dolor.quisque@aol.org,(251) 554-4162,Ap #964-3311 Arcu. Avenue
136300,Thane,V,Gay,cubilia.curae.donec@protonmail.org,(497) 211-3728,566-5462 Integer St.
660201,Brynn,V,Wilson,sed.congue@outlook.edu,(163) 521-1276,626-5035 Cursus Rd.
358544,Daquan,M,Franco,odio.phasellus.at@google.ca,(471) 311-7440,798-3651 Hendrerit. Street
614469,Coby,J,Carpenter,ut@hotmail.net,(961) 215-8772,Ap #883-9412 Arcu. St.
393922,Harlan,I,Wilkerson,dui@icloud.couk,(982) 580-1302,"Ap #979-8987 Elit, Avenue"
137531,Kelsey,X,Rivers,libero.mauris.aliquam@aol.com,(586) 789-6801,"P.O. Box 273, 6732 Scelerisque St."
528423,Leroy,N,Weeks,sollicitudin.adipiscing.ligula@hotmail.couk,(916) 271-8917,Ap #184-4862 Fringilla. Ave
394815,Zoe,R,Kent,lacus.ut@icloud.couk,(918) 953-6946,Ap #529-8971 Sapien. Street
932339,Madison,Z,Herrera,fringilla.est.mauris@icloud.ca,(140) 736-9321,"P.O. Box 613, 2917 Parturient St."
978149,Zoe,P,Tyson,aliquam.iaculis@aol.org,(437) 683-7568,678-849 Rutrum. St.
890953,Fay,T,Wallace,odio.semper.cursus@outlook.ca,(572) 144-9794,946-985 Diam Street
377866,Jesse,S,Duffy,scelerisque.neque.sed@protonmail.edu,(560) 391-8922,6863 Dictum Rd.
563020,Yvonne,Y,Cruz,ullamcorper.eu@yahoo.com,(969) 837-1079,8000 Ipsum Av.
659932,Anika,Y,Barrett,purus.nullam.scelerisque@icloud.couk,(564) 687-2071,Ap #490-2030 Nunc Street
597967,Dacey,N,Logan,accumsan.neque@outlook.net,(869) 761-7142,"P.O. Box 436, 5673 Donec Av."
577385,Bree,B,Andrews,cursus.et.magna@protonmail.net,(260) 724-2161,252-6004 Dis Road
460749,Petra,Y,Howard,integer@icloud.net,(722) 691-4644,9663 Lobortis Ave
188029,Gabriel,N,Jenkins,malesuada@outlook.com,(587) 696-2367,Ap #257-5102 Ante Street
688432,Trevor,P,Floyd,sed.sem@yahoo.com,(410) 738-7751,673-8666 Nisi Avenue
810124,Erich,F,Johnston,amet.ornare@protonmail.edu,(446) 394-3748,"392 Non, Avenue"
131133,John,G,Holland,scelerisque@protonmail.net,(135) 629-1557,"P.O. Box 391, 6373 Felis. Rd."
117673,Branden,L,Gilmore,neque.nullam.nisl@google.org,(418) 395-0043,8404 Congue. Avenue
795241,Harding,T,Maxwell,quis.diam.luctus@hotmail.edu,(677) 678-6012,"320-5824 Non, Rd."
699025,Francis,P,Rush,gravida.molestie.arcu@protonmail.net,(269) 807-3290,"P.O. Box 279, 6702 Amet Ave"
850190,Marcia,O,Gutierrez,consectetuer.cursus@hotmail.ca,(338) 780-8113,"P.O. Box 365, 4752 Et Street"
161349,Rhea,D,England,consectetuer.adipiscing@aol.org,(541) 632-3430,Ap #443-3069 Cursus Road
540622,Prescott,H,Serrano,quisque@aol.couk,(740) 656-3844,"P.O. Box 352, 8916 Mauris Road"
571310,Wyoming,N,Norris,at.pede@aol.edu,(629) 444-5627,Ap #280-9914 At Av.
217074,Kellie,V,Mckay,mi.eleifend@hotmail.ca,(283) 745-5278,"579-4480 Sed, Rd."
665038,Danielle,B,Richards,morbi@aol.net,(774) 754-5120,Ap #380-3644 Etiam Ave
206887,Austin,N,Landry,quis.turpis.vitae@outlook.edu,(675) 661-8167,957 Cursus Avenue
536877,Quinlan,B,Kinney,nunc@outlook.ca,(586) 493-4077,Ap #209-1192 Quam Avenue
284378,Colt,Q,Kirkland,nisi.mauris@protonmail.org,(618) 920-6780,Ap #973-5775 Et Street
248500,Scarlet,O,Wells,dapibus.ligula@google.net,(816) 489-7587,674-7775 Sit Avenue
387630,Boris,Z,Sharpe,ante.blandit@icloud.com,(296) 233-8541,"Ap #823-5353 Nec, St."
588846,Cheyenne,O,Keller,erat.neque@aol.net,(344) 333-7255,868-7748 Nec Road
537906,Cade,K,Montoya,aliquet.vel@protonmail.ca,(466) 866-0410,"P.O. Box 647, 5626 Tincidunt, St."
647491,Nyssa,Y,Gaines,in@protonmail.net,(222) 381-3385,909-5518 Magna Avenue
281471,Chaim,P,Lane,nec.urna@aol.com,(496) 199-7872,"P.O. Box 332, 5986 Malesuada Avenue"
184559,Rhea,P,Moody,malesuada.integer@outlook.ca,(368) 211-6728,Ap #589-1802 Facilisis St.
813073,Jonas,I,Morgan,egestas.rhoncus.proin@icloud.net,(472) 238-6471,623-5970 Hendrerit Road
942646,Vladimir,W,Mccoy,urna.nunc@outlook.ca,(877) 379-8132,969-6938 Lectus Avenue
612356,Leo,W,Harrell,consequat.purus@google.edu,(702) 576-5307,278-3429 Suspendisse Street
822527,Zena,X,Vasquez,neque.tellus@protonmail.couk,(442) 356-5624,Ap #735-8329 Facilisis Road
213256,Harriet,Q,George,amet.luctus.vulputate@outlook.edu,(410) 284-4654,205-4278 Bibendum Av.
871749,Matthew,H,Ray,vulputate.lacus.cras@google.com,(344) 369-2282,8908 Enim. Av.
511178,Kennedy,T,Harvey,dignissim.lacus@google.com,(298) 542-1391,Ap #389-2055 Egestas Rd.
436046,Sybil,B,Mueller,ornare.tortor.at@outlook.org,(766) 489-2408,634-561 Eu Ave
375562,Reed,J,Santana,et.netus.et@aol.ca,(405) 617-2317,"Ap #295-3742 Quam, Street"
326102,Martena,C,Lowery,proin.velit@yahoo.edu,(305) 387-3718,"P.O. Box 819, 6389 Lectus Rd."
227277,Emi,M,Gaines,tempor.lorem.eget@hotmail.ca,(425) 756-7746,560-8996 Sodales Rd.
900323,Cameron,O,Cherry,erat.etiam@icloud.com,(229) 482-0272,259-6883 Nonummy. Rd.
939053,Meghan,V,Wooten,elit.nulla@aol.com,(852) 690-1104,Ap #361-2452 Ipsum. Rd.
388816,Calvin,M,White,pharetra.nam.ac@protonmail.couk,(477) 862-2019,Ap #439-3550 Sem St.
119681,Piper,F,Nunez,et.magnis@yahoo.couk,(819) 851-3993,Ap #183-9307 Sapien Avenue
772204,Kevyn,N,Bean,magna.phasellus.dolor@outlook.ca,(375) 265-5785,Ap #318-3006 Imperdiet St.
777775,Desiree,R,Levy,aliquam@aol.org,(563) 516-6538,"P.O. Box 494, 6948 Ut, Street"
816493,Tyler,P,Ruiz,ut.pellentesque.eget@google.edu,(743) 530-4112,"P.O. Box 177, 4744 Lorem Av."
777166,Zia,D,Chandler,mi@hotmail.couk,(614) 218-9227,7174 Eleifend. Av.
522988,Grady,R,Johnson,sed.dictum@hotmail.edu,(732) 417-5728,9916 Sodales Ave
111840,Mia,J,Clemons,facilisis.eget.ipsum@yahoo.edu,(777) 819-6364,690-8683 Primis Ave
402378,Macey,R,Frank,ut.tincidunt.vehicula@google.com,(736) 205-7348,"Ap #343-8761 Nec, Rd."
316477,Sharon,H,Eaton,eget@hotmail.org,(889) 743-1721,Ap #971-2663 Adipiscing Ave
128105,Jescie,E,Howell,sit.amet@outlook.com,(620) 107-7677,738-2698 Neque Ave
810380,Cairo,O,Roy,cursus.et@aol.com,(968) 835-5283,Ap #397-5856 Risus St.
285136,Dale,Y,Trevino,egestas.lacinia@yahoo.org,(515) 882-3781,"Ap #390-8048 Ullamcorper, St."
275027,Remedios,R,Spence,enim.nunc@outlook.com,(547) 314-4655,4147 Fusce St.
991831,Shay,M,Ramirez,vehicula.pellentesque@hotmail.edu,(601) 752-8295,"P.O. Box 301, 5310 Arcu Rd."
197995,Ezekiel,B,Wiley,proin.nisl@yahoo.couk,(560) 367-2020,454-7994 Libero. Street
725076,Paki,E,Cleveland,mi.lorem@yahoo.net,(815) 944-9058,"Ap #731-3176 Risus, Ave"
374357,Haley,C,Haley,nullam.velit@protonmail.ca,(322) 641-2037,4097 Mollis Road
936549,Zephania,V,Rodriquez,sed@protonmail.net,(680) 828-2738,Ap #954-3179 Neque. St.
551982,Tate,S,Richard,facilisis.vitae@hotmail.edu,(856) 532-1718,Ap #655-1440 Donec Av.
499142,Brittany,X,Shepherd,adipiscing.non@protonmail.org,(574) 267-7245,"P.O. Box 753, 8301 Dui. Av."
502950,Rose,M,Rosales,a.auctor@google.ca,(276) 624-2238,Ap #196-9133 Fusce Av.
144580,Colt,C,Sanchez,sed.eu.eros@outlook.org,(518) 234-8787,730-9823 Vel Av.
562341,Ramona,E,Murphy,massa@protonmail.net,(915) 876-6486,140-9093 Lacus. Rd.
136435,Jolie,G,Wooten,id.nunc@icloud.couk,(733) 979-2671,5464 Sit Avenue
644310,Kiayada,Y,Page,nec.urna.et@icloud.couk,(376) 626-2976,539-1625 Diam Rd.
218195,Stone,P,Combs,adipiscing@aol.net,(822) 528-5486,Ap #456-8463 Tristique Avenue
829881,Ella,J,Cervantes,eu@outlook.couk,(573) 789-2543,761-5606 Adipiscing Avenue
